{
    "now": "2025-05-26T03:27:20.582Z",
    "perfNow": 9070536.200000763,
    "diagnosticCorrelation": "6f1a9225-f772-4c22-8c26-f8ce7727e95d",
    "source": "DownloadSupportFiles",
    "environment": {
        "productName": "adf",
        "buildVersion": "1.0.052025.5",
        "environmentType": 3,
        "resourceName": "adfawdataete",
        "resourceRegion": "canadacentral",
        "resourceGroup": "AW_DataETE",
        "subscriptionId": "266471a2-e9f7-48b5-995c-18ca08aacbde",
        "sessionId": "E3WECfeGQCDYWyZ/Exi+Nw",
        "operationId": "",
        "gitType": "live",
        "loggingKey": "c846a38e-5676-4c2c-b029-52700ac18ba0"
    },
    "additionalInfo": {
        "selectedResource": "DynamicPipeline",
        "selectedResourceType": "pipeline"
    }
}