{
    "now": "2025-05-26T03:27:24.275Z",
    "perfNow": 9074229.900001526,
    "diagnosticCorrelation": "0d08680e-5328-46e7-8994-c853f90730f9",
    "source": "DownloadSupportFiles",
    "environment": {
        "productName": "adf",
        "buildVersion": "1.0.052025.5",
        "environmentType": 3,
        "resourceName": "adfawdataete",
        "resourceRegion": "canadacentral",
        "resourceGroup": "AW_DataETE",
        "subscriptionId": "266471a2-e9f7-48b5-995c-18ca08aacbde",
        "sessionId": "E3WECfeGQCDYWyZ/Exi+Nw",
        "operationId": "",
        "gitType": "live",
        "loggingKey": "c846a38e-5676-4c2c-b029-52700ac18ba0"
    },
    "additionalInfo": {
        "selectedResource": "StaticPipeline",
        "selectedResourceType": "pipeline"
    }
}