{
    "name": "ds_raw_git",
    "properties": {
        "linkedServiceName": {
            "referenceName": "httpslinkedservice",
            "type": "LinkedServiceReference"
        },
        "parameters": {
            "rel_url": {
                "type": "String"
            }
        },
        "annotations": [],
        "type": "DelimitedText",
        "typeProperties": {
            "location": {
                "type": "HttpServerLocation",
                "relativeUrl": {
                    "value": "@dataset().rel_url",
                    "type": "Expression"
                }
            },
            "columnDelimiter": ",",
            "escapeChar": "\\",
            "firstRowAsHeader": true,
            "quoteChar": "\""
        },
        "schema": []
    }
}