{
    "name": "ds_sink_git",
    "properties": {
        "linkedServiceName": {
            "referenceName": "adlslinkedservice",
            "type": "LinkedServiceReference"
        },
        "parameters": {
            "folder_name": {
                "type": "String"
            },
            "file_name": {
                "type": "String"
            }
        },
        "annotations": [],
        "type": "DelimitedText",
        "typeProperties": {
            "location": {
                "type": "AzureBlobFSLocation",
                "fileName": {
                    "value": "@dataset().file_name",
                    "type": "Expression"
                },
                "folderPath": {
                    "value": "@dataset().folder_name",
                    "type": "Expression"
                },
                "fileSystem": "bronze"
            },
            "columnDelimiter": ",",
            "escapeChar": "\\",
            "firstRowAsHeader": true,
            "quoteChar": "\""
        },
        "schema": [
            {
                "name": "Date",
                "type": "String"
            }
        ]
    }
}