{
    "name": "lookup",
    "properties": {
        "linkedServiceName": {
            "referenceName": "adlslinkedservice",
            "type": "LinkedServiceReference"
        },
        "annotations": [],
        "type": "Json",
        "typeProperties": {
            "location": {
                "type": "AzureBlobFSLocation",
                "fileName": "parameters.json",
                "fileSystem": "parameters"
            }
        },
        "schema": {
            "type": "object",
            "properties": {
                "rel_url": {
                    "type": "string"
                },
                "folder_name": {
                    "type": "string"
                },
                "file_name": {
                    "type": "string"
                }
            }
        }
    }
}